{
  "video": "056d01185cf0370daff9c1d31c497d17.mp4",
  "rep_id": 1,
  "frame_index": 318,
  "type": "dvdt_max",
  "time": 10.6,
  "time_ms": 10600,
  "bar_x": 363.356,
  "bar_y": 395.428,
  "velocity": -45.897455,
  "acceleration": 2138.867555,
  "image_file": "056d01185cf0370daff9c1d31c497d17_rep01_dvdt_max.jpg"
}