{
  "video": "056d01185cf0370daff9c1d31c497d17.mp4",
  "rep_id": 1,
  "frame_index": 292,
  "type": "random",
  "time": 9.733,
  "time_ms": 9733,
  "bar_x": 344.147,
  "bar_y": 585.822,
  "velocity": -184.270398,
  "acceleration": 471.795006,
  "image_file": "056d01185cf0370daff9c1d31c497d17_rep01_random.jpg"
}