{
  "video": "056d01185cf0370daff9c1d31c497d17.mp4",
  "rep_id": 2,
  "frame_index": 408,
  "type": "v_min",
  "time": 13.6,
  "time_ms": 13600,
  "bar_x": 351.327,
  "bar_y": 699.633,
  "velocity": -6.236807,
  "acceleration": -1496.984312,
  "image_file": "056d01185cf0370daff9c1d31c497d17_rep02_v_min.jpg"
}