{
  "video": "056d01185cf0370daff9c1d31c497d17.mp4",
  "rep_id": 2,
  "frame_index": 452,
  "type": "dvdt_max",
  "time": 15.067,
  "time_ms": 15067,
  "bar_x": 366.718,
  "bar_y": 391.988,
  "velocity": -129.376764,
  "acceleration": 2568.835587,
  "image_file": "056d01185cf0370daff9c1d31c497d17_rep02_dvdt_max.jpg"
}