{
  "video": "056d01185cf0370daff9c1d31c497d17.mp4",
  "rep_id": 2,
  "frame_index": 430,
  "type": "random",
  "time": 14.333,
  "time_ms": 14333,
  "bar_x": 350.957,
  "bar_y": 562.978,
  "velocity": -134.139826,
  "acceleration": 33.741833,
  "image_file": "056d01185cf0370daff9c1d31c497d17_rep02_random.jpg"
}