{
  "video": "056d01185cf0370daff9c1d31c497d17.mp4",
  "rep_id": 3,
  "frame_index": 543,
  "type": "bottom",
  "time": 18.1,
  "time_ms": 18100,
  "bar_x": 345.794,
  "bar_y": 701.838,
  "velocity": 12.517927,
  "acceleration": -1424.853561,
  "image_file": "056d01185cf0370daff9c1d31c497d17_rep03_bottom.jpg"
}