{
  "video": "056d01185cf0370daff9c1d31c497d17.mp4",
  "rep_id": 1,
  "frame_index": 275,
  "type": "v_min",
  "time": 9.167,
  "time_ms": 9167,
  "bar_x": 350.803,
  "bar_y": 704.385,
  "velocity": -4.735507,
  "acceleration": -1243.978683,
  "image_file": "056d01185cf0370daff9c1d31c497d17_rep01_v_min.jpg"
}