{
  "video": "056d01185cf0370daff9c1d31c497d17.mp4",
  "rep_id": 3,
  "frame_index": 553,
  "type": "random",
  "time": 18.433,
  "time_ms": 18433,
  "bar_x": 343.384,
  "bar_y": 644.411,
  "velocity": -223.778918,
  "acceleration": 471.316787,
  "image_file": "056d01185cf0370daff9c1d31c497d17_rep03_random.jpg"
}