{
  "video": "056d01185cf0370daff9c1d31c497d17.mp4",
  "rep_id": 3,
  "frame_index": 594,
  "type": "v_min",
  "time": 19.8,
  "time_ms": 19800,
  "bar_x": 381.703,
  "bar_y": 394.305,
  "velocity": -36.250356,
  "acceleration": 2184.257223,
  "image_file": "056d01185cf0370daff9c1d31c497d17_rep03_v_min.jpg"
}