{
  "video": "700a298d18375cf26fee5576f34111a3.mp4",
  "rep_id": 3,
  "frame_index": 543,
  "type": "random",
  "time": 18.1,
  "time_ms": 18100,
  "bar_x": 490.034,
  "bar_y": 472.841,
  "velocity": -176.722472,
  "acceleration": -368.676668,
  "image_file": "700a298d18375cf26fee5576f34111a3_rep03_random.jpg"
}