{
  "video": "700a298d18375cf26fee5576f34111a3.mp4",
  "rep_id": 1,
  "frame_index": 278,
  "type": "v_min",
  "time": 9.267,
  "time_ms": 9267,
  "bar_x": 479.95,
  "bar_y": 568.735,
  "velocity": -3.902828,
  "acceleration": -440.069043,
  "image_file": "700a298d18375cf26fee5576f34111a3_rep01_v_min.jpg"
}