{
  "video": "700a298d18375cf26fee5576f34111a3.mp4",
  "rep_id": 2,
  "frame_index": 407,
  "type": "dvdt_max",
  "time": 13.567,
  "time_ms": 13567,
  "bar_x": 470.572,
  "bar_y": 389.979,
  "velocity": -104.628536,
  "acceleration": 1463.458046,
  "image_file": "700a298d18375cf26fee5576f34111a3_rep02_dvdt_max.jpg"
}