{
  "video": "700a298d18375cf26fee5576f34111a3.mp4",
  "rep_id": 4,
  "frame_index": 715,
  "type": "dvdt_max",
  "time": 23.833,
  "time_ms": 23833,
  "bar_x": 468.11,
  "bar_y": 396.273,
  "velocity": -124.405929,
  "acceleration": 1392.493828,
  "image_file": "700a298d18375cf26fee5576f34111a3_rep04_dvdt_max.jpg"
}