{
  "video": "700a298d18375cf26fee5576f34111a3.mp4",
  "rep_id": 2,
  "frame_index": 392,
  "type": "random",
  "time": 13.067,
  "time_ms": 13067,
  "bar_x": 480.839,
  "bar_y": 491.684,
  "velocity": -151.088677,
  "acceleration": -114.58197,
  "image_file": "700a298d18375cf26fee5576f34111a3_rep02_random.jpg"
}