{
  "video": "700a298d18375cf26fee5576f34111a3.mp4",
  "rep_id": 1,
  "frame_index": 310,
  "type": "dvdt_max",
  "time": 10.333,
  "time_ms": 10333,
  "bar_x": 470.291,
  "bar_y": 390.773,
  "velocity": -96.510239,
  "acceleration": 1386.94626,
  "image_file": "700a298d18375cf26fee5576f34111a3_rep01_dvdt_max.jpg"
}