{
  "video": "700a298d18375cf26fee5576f34111a3.mp4",
  "rep_id": 3,
  "frame_index": 521,
  "type": "v_min",
  "time": 17.367,
  "time_ms": 17367,
  "bar_x": 486.052,
  "bar_y": 574.807,
  "velocity": -11.769872,
  "acceleration": -817.739339,
  "image_file": "700a298d18375cf26fee5576f34111a3_rep03_v_min.jpg"
}