{
  "video": "700a298d18375cf26fee5576f34111a3.mp4",
  "rep_id": 4,
  "frame_index": 675,
  "type": "v_min",
  "time": 22.5,
  "time_ms": 22500,
  "bar_x": 486.896,
  "bar_y": 570.578,
  "velocity": -9.639214,
  "acceleration": -692.961867,
  "image_file": "700a298d18375cf26fee5576f34111a3_rep04_v_min.jpg"
}