{
  "video": "700a298d18375cf26fee5576f34111a3.mp4",
  "rep_id": 2,
  "frame_index": 374,
  "type": "v_min",
  "time": 12.467,
  "time_ms": 12467,
  "bar_x": 484.699,
  "bar_y": 568.075,
  "velocity": -4.460616,
  "acceleration": -538.324995,
  "image_file": "700a298d18375cf26fee5576f34111a3_rep02_v_min.jpg"
}