{
  "video": "700a298d18375cf26fee5576f34111a3.mp4",
  "rep_id": 4,
  "frame_index": 685,
  "type": "random",
  "time": 22.833,
  "time_ms": 22833,
  "bar_x": 486.679,
  "bar_y": 536.137,
  "velocity": -126.564661,
  "acceleration": 184.629753,
  "image_file": "700a298d18375cf26fee5576f34111a3_rep04_random.jpg"
}