{
  "video": "fbef33bb27c954f29140dc70322b6541.mp4",
  "rep_id": 1,
  "frame_index": 512,
  "type": "setup",
  "time": 17.067,
  "time_ms": 17067,
  "bar_x": 383.143,
  "bar_y": 498.586,
  "velocity": 135.852828,
  "acceleration": -219.567603,
  "image_file": "fbef33bb27c954f29140dc70322b6541_rep01_setup.jpg"
}