{
  "video": "fbef33bb27c954f29140dc70322b6541.mp4",
  "rep_id": 3,
  "frame_index": 805,
  "type": "setup",
  "time": 26.833,
  "time_ms": 26833,
  "bar_x": 388.434,
  "bar_y": 498.893,
  "velocity": 134.489786,
  "acceleration": -318.957828,
  "image_file": "fbef33bb27c954f29140dc70322b6541_rep03_setup.jpg"
}