{
  "video": "fbef33bb27c954f29140dc70322b6541.mp4",
  "rep_id": 2,
  "frame_index": 661,
  "type": "v_min",
  "time": 22.033,
  "time_ms": 22033,
  "bar_x": 380.362,
  "bar_y": 517.863,
  "velocity": -1.239129,
  "acceleration": -720.600152,
  "image_file": "fbef33bb27c954f29140dc70322b6541_rep02_v_min.jpg"
}