{
  "video": "fbef33bb27c954f29140dc70322b6541.mp4",
  "rep_id": 3,
  "frame_index": 815,
  "type": "v_min",
  "time": 27.167,
  "time_ms": 27167,
  "bar_x": 386.229,
  "bar_y": 523.227,
  "velocity": -27.457723,
  "acceleration": -893.738166,
  "image_file": "fbef33bb27c954f29140dc70322b6541_rep03_v_min.jpg"
}