{
  "video": "fbef33bb27c954f29140dc70322b6541.mp4",
  "rep_id": 1,
  "frame_index": 560,
  "type": "dvdt_max",
  "time": 18.667,
  "time_ms": 18667,
  "bar_x": 386.092,
  "bar_y": 340.58,
  "velocity": -107.91116,
  "acceleration": 1325.890412,
  "image_file": "fbef33bb27c954f29140dc70322b6541_rep01_dvdt_max.jpg"
}