{
  "video": "fbef33bb27c954f29140dc70322b6541.mp4",
  "rep_id": 2,
  "frame_index": 706,
  "type": "dvdt_max",
  "time": 23.533,
  "time_ms": 23533,
  "bar_x": 397.041,
  "bar_y": 337.795,
  "velocity": -93.653645,
  "acceleration": 1212.437531,
  "image_file": "fbef33bb27c954f29140dc70322b6541_rep02_dvdt_max.jpg"
}