{
  "video": "fbef33bb27c954f29140dc70322b6541.mp4",
  "rep_id": 3,
  "frame_index": 864,
  "type": "dvdt_max",
  "time": 28.8,
  "time_ms": 28800,
  "bar_x": 394.557,
  "bar_y": 338.719,
  "velocity": -86.838384,
  "acceleration": 1160.76097,
  "image_file": "fbef33bb27c954f29140dc70322b6541_rep03_dvdt_max.jpg"
}