{
  "video": "fbef33bb27c954f29140dc70322b6541.mp4",
  "rep_id": 1,
  "frame_index": 522,
  "type": "v_min",
  "time": 17.4,
  "time_ms": 17400,
  "bar_x": 381.761,
  "bar_y": 525.487,
  "velocity": -31.654049,
  "acceleration": -1008.768494,
  "image_file": "fbef33bb27c954f29140dc70322b6541_rep01_v_min.jpg"
}